temperature,vibration,pressure,machine_failure
64.96714153011233,0.3666022702701539,143.81376182037155,0
58.61735698828815,0.22089763457015135,107.34427250016422,0
66.47688538100692,2.023568229408261,121.60515082613827,0
75.23029856408026,2.451589879023199,167.77212986775032,0
,0.06419149347206422,260.51713591596257,0
57.6586304305082,55.043881088978175,214.40972867386017,1
75.79212815507391,0.10674097135801607,202.53354519128328,0
67.67434729152909,1.558701776191244,158.69776464162433,0
55.30525614065048,2.469280008122478,286.35074388656324,0
65.42560043585965,4.095407104909522,179.40300824743832,0
,2.5041349457440525,117.4185533591543,0
55.34270246429743,3.236231745193452,223.41330322356026,0
62.41962271566034,0.8293654982928672,122.76767869532028,0
40.86719755342202,3.3729091386958467,169.04462856033842,0
42.75082167486967,0.1670128995163253,201.4823877435618,0
54.37712470759027,4.504100637570432,274.84450493703514,0
49.87168879665576,1.586343365757859,198.70931606802372,0
63.142473325952736,3.3997952193310375,240.45175320633285,0
50.91975924478789,1.2041219438700927,298.56336779981405,0
45.87696298664709,2.0632780034401774,126.29782397959633,0
74.65648768921554,1.4947956279175392,154.9463051039039,0
57.74223699513465,2.6304756699738414,178.91521511952928,0
60.67528204687924,0.17030979977791233,184.36563570776627,0
45.75251813786544,0.12450006263803015,182.20421505310915,0
54.556172754748175,0.5676543150798328,281.522200511311,0
61.10922589709866,0.3476229730303001,242.80652889337128,0
48.490064225776976,4.1080711140047965,221.58104281814076,0
63.75698018345672,0.4949083163611079,161.87454357255643,0
53.99361310081195,7.448205618868187,264.75807684425894,1
,0.8216462486628586,291.0121022969978,0
53.98293387770603,0.40207420795770576,264.2396565100453,0
78.52278184508938,31.18426195188695,100.31302103829458,0
59.86502775262066,2.1500324106830373,227.28027403668142,0
49.422890710440996,1.3790902174468676,110.22707628842015,0
68.22544912103189,1.6209965982312413,151.52144406674438,0
47.791563500289776,2.5402378794579326,111.90494006955434,0
62.08863595004755,0.5187198913734135,220.75909058987753,0
40.403298761202244,11.217262464095409,237.31798269852135,0
46.71813951101569,7.36127995578019,122.89752761318103,1
61.96861235869123,2.1015061802651136,176.76777660899592,0
67.3846657999541,0.4451435569377867,191.24730179110838,0
61.7136828118997,2.2802955905507374,173.8106043521833,0
58.843517176117594,0.14987474366858658,124.2050000970386,0
56.98896304410711,0.06226423304723896,183.78955803749508,0
45.214780096325725,0.5959575062777931,250.23560956168362,0
52.801557916052914,1.2421106037468779,114.2015329066511,0
55.393612290402125,4.054039850381681,116.03600281638069,0
70.57122226218915,2.597805957635778,170.95425836719684,0
63.43618289568462,2.715075809498644,288.345142323785,0
42.36959844637266,1.1084871588148277,233.71452934458281,0
63.24083969394795,0.8490970653789652,235.73399133451295,0
56.149177195836835,0.9273713010945941,172.383998167573,0
53.23077999694041,8.788127783033008,218.73215824170768,0
66.11676288840867,0.08187148408785734,102.02623680554868,0
70.30999522495951,4.035285983511478,227.21920928190843,0
69.31280119116198,1.728703482705325,282.65738951524736,0
51.607824767773614,1.154698162069319,222.51469366896384,0
56.907876241487855,2.583843134977741,274.73971869326897,0
63.31263431403564,1.333668607198428,244.79461109321875,0
,4.133812682535534,124.11168328073805,0
55.2082576215471,4.619256959240749,280.49066145716836,0
58.14341023336183,1.0953974027080495,113.28876887115497,0
48.93665025993972,0.6482158141702838,206.79349450955277,0
48.037933759193294,1.7946942438818185,128.42742475869153,0
68.12525822394198,4.869111879047198,102.34132214618081,0
73.56240028570824,0.4731217979000491,184.4068520255278,0
59.27989878419666,1.9508429153991511,159.00814153083124,0
70.03532897892023,1.996956000451087,197.20009875952059,0
63.61636025047634,2.641860030253711,215.43997734691015,0
53.54880245394876,0.28213125940532086,108.74781446178947,0
63.61395605508414,2.5163298182542198,124.60065902474912,0
,4.79450641257849,211.7284792900851,0
59.64173960890049,3.961291215602891,168.63347063453165,0
75.64643655814007,0.5424191833743239,245.8346975098896,0
33.80254895910255,7.108354077723023,230.45832971838794,0
68.21902504375224,0.3992861095103158,269.12087259798136,0
60.870470682381715,3.853579535513316,238.49856533384505,0
57.009926495341325,1.3556418851070982,185.98621547802964,0
60.91760776535502,0.5679939399887409,234.59332447888647,0
40.124310853991076,4.092012003489698,155.0762348510837,0
57.80328112162488,1.1786746511199115,161.26269975564253,0
63.57112571511746,1.4464597382022362,257.79703198415865,0
74.77894044741517,0.8901799183556157,189.28390328031645,0
54.81729781726352,1.797642685370157,259.6760681036705,0
51.91506397106812,0.35711459523526273,264.4844747336557,0
54.982429564154636,0.9921418127269471,271.5124675322568,0
69.15402117702074,6.974316083642288,283.32704716824145,0
63.287511096596845,0.5971717608480124,186.19704410265925,0
54.70239796232961,2.1385147690342055,163.77336366422776,0
65.13267433113356,0.7866484087778541,216.43974931882278,0
,2.96978338141433,174.2344846875255,0
69.68644990532889,0.2805335592202735,220.2148333600466,0
52.979469061226474,7.0012209088488,241.1171725287649,0
56.723378534022316,1.2095018443294756,237.68100369842736,0
56.078918468678424,0.5385070869954405,174.91057740402425,0
45.364850518678814,0.15267544511187414,133.37204033975055,0
62.96120277064576,0.37207588020918786,186.1058676924415,0
62.610552721798896,1.466996690859163,128.51882881638176,0
60.05113456642461,0.8219701596103333,278.01940703676166,0
57.65412866624853,3.530819768244315,169.17549214757148,0
45.84629257949586,1.1273543813711848,130.89194944466476,0
55.79354677234641,0.571938473951702,105.08955198115018,0
56.572854834732304,1.9201978331469356,229.16447725729685,0
51.97722730778381,2.4536452139186897,227.38046349094864,0
58.387142883339905,0.36554389537169363,168.1208333162583,0
64.04050856814538,0.3669305402615214,114.3423777695302,0
78.8618590121053,0.07472145601896547,181.9257789790464,0
61.74577812831839,2.666660241579668,162.2434990126787,0
62.57550390722764,2.180125050294198,235.42412794700186,0
59.25554084233833,1.2873083392705855,221.15584989053806,0
40.812287847009586,3.7179849813523003,172.91874563950802,0
59.73486124550783,3.2763966423387028,143.57851085099801,0
60.60230209941027,1.7606620272718432,297.60719323111834,0
84.63242112485287,4.054021253058005,190.80032423922296,0
58.076390352188774,4.609437007411471,237.65484715604742,0
63.015473423336125,0.23738604278056916,128.11059351567215,0
59.65288230294757,0.6287356114562158,197.11793993187956,0
48.31321962380468,0.11756221345992542,105.5073439738931,0
71.4282281451502,1.5150280856678877,201.09102358208997,0
67.51933032686775,5.516762410803933,292.80348142354046,1
67.91031947043047,0.08027683281876447,176.84134259716006,0
50.906125452052606,0.2604677599662335,107.79920251498231,0
74.02794310936099,1.2036864966038618,106.19115818386871,0
,5.432417307751989,177.5973519893739,0
65.8685709380027,0.760051222113574,132.00498729263882,0
81.90455625809979,1.4154450075426903,104.67041926563718,1
50.09463674869312,0.08492346600210339,251.24272279003537,0
54.33702270397228,0.32114330267283786,191.70460177637813,0
60.99651365087641,8.629502169066757,157.8489543945309,1
54.96524345883801,6.711608615639818,280.01663660329615,1
44.493365689338674,0.009904445947655232,123.22779204010513,0
60.68562974806027,6.065281597357631,291.1837657910638,1
,2.038419227137002,162.79334347547058,0
64.73592430635182,4.048669133953021,277.6807344617363,0
50.80575765766197,1.212984538184019,220.58857529589233,0
75.4993440501754,14.49672137395542,265.34147194829745,0
52.16746707663763,1.34217099901772,296.8026326420928,0
,2.1984104741311667,157.68108756374914,0
,0.30083490841891436,292.2270970815186,0
47.69135683566045,0.06086396183994254,177.8963789804841,0
62.27459934604129,0.7361361760275618,177.10238094738446,0
,2.439396695081679,168.07742085090115,0
43.92516765438772,0.4509261088732207,208.28152146951703,0
61.84633858532304,2.238236818663958,130.82900863569742,0
,7.007260780458419,210.74229707160225,0
67.81822871777311,0.19721278744357393,208.3409624820008,0
47.63049289121918,2.2331581678090724,252.380362520974,0
46.795433869157236,1.173075679514347,266.7299923875171,0
65.21941565616898,4.052063244387033,188.0882700624848,0
62.96984673233186,0.3899621981172876,160.46664987029874,0
62.504928503458764,2.3593797527607077,151.8669794634189,0
63.46448209496975,3.6417417231952913,138.92476734097437,0
53.19975278421509,5.786864774760546,111.52951643980498,1
62.322536971610035,2.299272469969244,168.48959576694267,0
62.93072473298681,1.3750252252230792,154.04953842615666,0
52.85648581973632,1.923869711101883,293.2834771732815,0
78.65774511144757,4.0636658187358226,211.54176525000878,0
64.73832920911788,1.6907781841380116,169.4554078061015,0
48.08696502797351,0.06171663546781039,216.0935201987392,0
66.5655360863383,5.345811014598346,127.8393402691391,0
50.253183297726785,2.3393150720223006,188.80874984044058,0
67.87084603742451,2.257195087758978,225.24686428421276,0
71.58595579007404,0.4858639960360479,197.77956635849029,0
51.7931768164829,2.1510739873361775,180.35576013086484,0
69.63376129244321,1.0013031297917176,298.7696777799396,0
64.12780926936499,2.106702271374473,276.0629524297854,0
,0.2254261375653921,224.68119163188803,0
78.96792982653947,2.144984636931713,213.87547223645657,0
57.54611883997129,14.883445819408811,224.1320959649168,0
52.4626383564251,0.09882599778860138,140.26242156448666,0
51.10485570374477,7.559726225124457,179.02754865286371,0
51.841897150345616,1.0448113649091946,107.89190657817986,0
59.228982905858956,4.092066922031506,195.10920749736533,0
63.41151974816644,3.050060113868585,208.60491679153262,0
62.766907993300194,1.6741102118531048,145.5499472206419,0
68.27183249036024,2.682253571705317,292.80576943310274,0
60.13001891877907,4.215938201916679,281.8909221874484,0
74.53534077157317,1.0355001572974054,244.42864709118118,0
57.35343166762044,0.7921184495820129,206.67732575307252,0
87.20169166589619,2.202792634344614,273.993831929537,1
66.25667347765007,3.2989156859421467,126.13046876469258,0
51.42842443583717,2.873366737641024,258.101958854977,0
49.29107501938888,3.197130952895551,124.96416279336967,0
64.82472415243186,1.143924993483773,258.8421325098811,0
57.76537214674149,3.4056762127717266,155.1535136502714,0
67.14000494092092,0.2561419253071429,275.4181162036378,0
64.73237624573545,1.5726712566885659,288.8084187650796,0
59.271710873431275,0.011550611032507709,129.75919388102312,0
51.532062819315954,0.7848583818863757,192.5351210130787,0
44.851527753141355,0.9128691252583723,296.197475632537,0
55.53485047932979,1.0089340703773348,196.6814871946293,0
68.56398794323472,2.3779530040622885,272.709504502909,0
62.14093744130204,0.983870685422813,217.74630442626398,0
47.542612212880115,1.190929171127857,175.06598158392038,0
61.73180925851182,0.5424212974639558,157.15671110517405,0
63.85317379728837,0.9344208011013524,140.64461821721744,0
51.16142563798867,0.5156501950660977,252.35963827553945,0
61.53725105945528,0.15202617651077444,177.3081013646056,0
60.58208718446,1.8498991906369124,202.25509244015024,0
48.57029702169377,2.206522950142138,198.46509600023637,0
63.577873603482836,1.9324874602968365,215.45580584662625,0
65.60784526368235,1.2453552300338948,273.1154291249104,0
70.83051243175277,0.9553806895597998,296.1478687166859,0
70.53802052034902,3.98042544378951,181.5168417147634,0
46.22330632042909,1.4641161096031872,265.5037844212606,0
50.62174960084877,1.3047087830304989,252.90555893094353,0
65.1503526720866,0.051953107884028946,214.70579029111465,0
65.1378595091221,0.8348157628215953,291.20942872238663,0
65.15047686306048,0.9567027297976104,140.09490310568054,0
98.52731490654722,1.0177310283959984,121.85284206192428,1
65.70890510693167,1.7358221097305413,270.79239339108443,0
71.35565640180599,1.5254342087057378,187.82996332674966,0
,1.8725027165496395,269.3937708414121,0
66.51391251305797,2.8953462575737623,278.618041039083,0
56.84730755359654,3.3531408029703296,112.4915187238143,0
67.58969220493267,2.532569487662782,276.6929525972121,0
52.27174785462428,6.225597450008411,189.66381107388443,1
,0.03680168916540005,202.08649780084644,0
55.14636452170897,0.4357598214250259,225.31850221864204,0
60.81874139386323,0.015183237062831378,285.2765213460174,0
83.14658566673509,2.0852658528155033,103.82321888595281,1
41.32734807408252,4.566164020132954,195.36869366356342,0
66.86260190374513,0.558058688555547,237.54440848611213,0
43.87284128810349,5.235538332447438,244.5413915396457,0
55.280681342105666,0.12431980387744128,238.5064863074216,0
70.88950596967366,5.449457846000236,126.88702588162437,0
60.64280019095463,0.8665649586130768,159.87911767433624,0
49.22255222070694,0.21388092278387372,171.7431050834027,0
52.84696290740032,1.3305650977988233,260.88744153590096,0
66.79597748934675,0.5935171261563438,155.7519744829106,0
52.69633368282864,0.6705899851833239,142.14099277344064,0
62.16458589581975,0.7342875743225572,291.48960380761923,0
60.45571839903814,3.249366039930847,101.77265702269378,0
53.483996523941826,1.5494142762765208,299.56417113639566,0
81.43944089325325,0.7459213915069051,235.3642597714791,0
66.33919022318011,1.8849295219090247,265.69385988982344,0
39.74857413342393,2.5186234492962027,158.92387926923863,0
61.86454314769428,0.6366234844160921,102.863055533412,0
,1.0673326679182042,247.57390371230602,0
68.52433334796224,0.2599579190428011,266.8289194001352,0
52.07479261567299,0.39970713544427744,248.09522639070383,0
58.85263558533101,2.2858673852523403,128.57005746016773,0
65.04987278980457,0.4004131229672945,250.68558445139382,0
68.65755194170121,1.4895689994642,253.7845564215282,0
47.997035929442234,2.469181998879371,231.70810313401097,0
56.654987641590516,0.22606176704094086,253.22318655911724,0
55.25054688839044,1.6754777451362937,269.1842879355464,0
53.46670767426288,0.5929419201849683,222.7208228474917,0
77.65454240281096,6.589725943615852,117.72094279393582,1
64.04981710960955,1.3215367426536142,197.5255619334422,0
47.391160456649544,3.2797174348707183,115.529866934321,0
69.17861947054776,1.5980224999872223,181.50860620648615,0
81.22156197012633,0.08876609855973225,181.42129782512552,0
70.32465260551147,2.0056119671487047,113.20196882804831,0
44.80630034045987,6.048401040249465,169.76410679389585,1
55.15765927133749,1.840656845507649,122.19961975826297,0
72.66911149186623,3.4206044294154583,261.6470420018444,0
52.92330534381219,4.3118930603080665,289.53760519289415,0
64.43819428146229,0.5177481316730005,114.46329505158772,0
67.74634053429337,0.4766281883603115,291.0230414583403,0
50.730695284219166,1.8882541294190607,204.51531986734904,0
59.404746439382,1.0587548646671545,159.91313559077477,0
27.58732659930927,3.6634299643378476,115.37241505523271,0
49.756123586657104,4.605632707425712,200.12485361408358,0
57.4743184860684,0.8721209568470294,258.90310889814975,0
47.52216818035151,0.5406552292168861,241.41729545333962,0
76.32411303931636,3.0330385915848974,110.04520229279476,0
45.69858622039367,0.6426322454683315,114.5803670735807,0
55.599555133030165,3.45885785103807,180.5746565265274,0
61.30740577286091,1.1023866015108204,159.05809880958867,0
74.41273289066116,2.2025310064107404,146.47686461120958,0
45.6413784882056,0.2008240345822516,156.20089978174272,0
71.63163752154959,1.9555841381307484,260.69654865937696,0
60.10233061019587,1.20211227592557,285.84561072637075,0
50.18491348952049,1.7667202081332096,181.0205389055133,0
64.6210347426327,0.36787982984631584,281.2222004264994,0
61.9905969557347,2.6702426094970653,164.2991402495764,0
53.99783122841205,3.9725885264237553,195.28739726875833,0
60.69802084990019,0.48858065337707873,145.20579956319995,0
,0.20122042252560193,228.0952084351688,0
61.13517345251248,0.04784491986314798,295.79622303496177,0
66.62130674521046,2.0542853760991746,220.69861920867572,0
75.86016816145352,1.868369946647836,171.56281682270978,0
47.62184501173151,1.5823908267671314,229.56348919810569,0
81.33033374656267,0.5277933258825777,124.58413569307751,0
40.47912200477498,0.9915653301304104,277.73181605307974,0
58.482149049644164,1.805152095078644,200.61679015596727,0
,1.3734034299838318,189.8699484079284,0
62.809918677350325,8.810266326762653,217.17295769070384,0
53.77300480179406,0.29338322523065463,224.9567725578805,0
57.918777496427246,2.3758351248409273,114.35516124530261,0
55.06999065341167,1.0360992016207988,236.5234442446805,0
54.106352430557884,1.1179306513034315,148.38633606310592,0
68.49602097021025,2.528845722838106,242.79052650131797,0
63.57015485965047,2.358145150639629,264.50695887683935,0
53.070904047393455,9.47877361572874,260.791701510504,0
68.9959987543325,0.2748362482731662,210.5001934815778,0
63.072995208766095,0.21987450008131082,204.03397846215023,0
68.1286211883896,2.5771655313470845,128.57519226788236,0
66.29628841923612,1.7273345009359609,255.0692300806271,0
51.710049890779274,0.6408531849000523,154.28187608934286,0
54.39818959803031,0.16550137469559495,199.33908456358932,0
67.47293605123262,0.17910174212781588,156.85481858550332,0
66.10370265433465,4.492237024931178,126.76567259993863,0
59.79098406035852,0.42605806371992805,225.9115393783473,0
61.17327383308782,0.7812659858951616,110.86640696458076,0
72.77664895788425,0.5140636601912666,249.72904682524,0
54.0842861116417,0.8769984696208415,163.51735905222333,0
65.47097381170038,0.14390272146325966,100.02693860089707,0
57.97807347566106,1.4640246440510696,202.22582784744594,0
57.8231879677278,0.14001369275488273,109.37038170552063,0
70.9877685198719,3.222444084318504,155.2339115641799,0
68.2541634898803,0.532394615368412,241.39529749114322,0
,1.5531093822971893,112.53792432437317,0
73.05478807154329,4.241845632979484,267.86769847120047,0
60.21003841632759,2.104664080820528,ERR,0
66.81952971294965,1.5226712651494634,149.36477384038045,0
56.89733243406544,0.7841120849682921,248.1808112304143,0
63.24166352488442,0.8099362024476936,163.25402994586136,0
58.698569456323156,2.2142183011394723,120.3784776132027,0
60.96995964992718,10.278993349414609,172.0467837600856,1
65.95157025436913,2.1684674539304623,154.07865727690512,0
51.81779316766527,1.6319110219359625,268.542380432111,0
80.9238727568546,2.6234910483856226,162.66958351702863,0
49.93982618500298,1.2517458559648178,257.78649435520146,0
47.85811387212268,0.1240536869664351,278.3744289621469,0
71.58110873500068,1.652428520287922,186.76348391530593,0
67.91662693962935,6.32240685459067,281.9886287708784,1
66.24119817052156,0.38547832588140707,175.46361079263858,0
66.2834550926428,2.342397516936516,292.81568329802167,0
59.87753227153085,0.4486226874845159,117.8579049051146,0
51.02745628514168,1.534998852052893,237.40385330064854,0
60.75804558193726,0.20334896740472178,198.76280809138575,0
53.22838288487888,11.970233156917613,177.52976109112942,0
69.7511973341775,2.8225133170849133,226.54237574972018,0
58.52942618497861,0.8541075229709083,240.77141832686624,0
,2.186722545752177,100.87265393006182,0
56.78614158347007,3.1738852858327005,133.39061774943974,0
64.12931454275625,5.239469385408418,242.60921012686373,0
54.36275447196025,0.5348233754311112,233.27708271564128,0
51.77779604433569,1.0193722658290696,293.20950102573545,0
62.436872114919126,0.3307306906448056,252.2075580501566,0
62.44966571108723,9.78130992409611,290.15454154626764,0
54.9305682462887,5.234618194317145,240.50810030696138,0
55.289616943816775,1.5528711975982454,159.61044172788863,0
62.32049937357636,3.6907419841239433,121.07298445017129,0
45.51915658502676,1.4719339105965725,256.36477266898714,0
45.92536225623445,1.9541296972434616,228.8298442951832,0
52.81555778747564,0.1866979590860436,109.63720247865925,0
57.86552848288153,2.8152028703114778,172.01009318019567,0
63.10907565598005,0.27327467045781423,291.3599630968572,0
74.75356216949552,3.4981774698706785,200.08022914204025,0
68.5765962320202,3.0467781340373303,186.54582720394092,0
58.40061470036573,2.467110138187218,191.5399210318588,0
59.80983792097311,0.07366073610310624,141.77654480103274,0
49.97470635362191,0.7223080801031003,173.74143417295903,0
59.8148686400761,0.610640278358255,173.96265119743532,0
57.11341361079862,0.893000524039034,110.47100403749448,0
63.227185603380896,1.8344728114475526,253.51352570358364,0
51.727690564476774,5.527902601784148,183.3008863807758,0
65.19346514241172,1.613986037526363,264.4359773632847,0
75.32738913002578,0.7291962438952043,270.0696002239791,0
58.91239851543143,1.0116148622131982,142.39881093973162,0
64.01711722098942,1.1855272044852605,231.4706964340257,0
66.90143991711112,1.835555340441584,194.45636083259635,0
55.987795281141636,1.4500165040908792,276.031347584297,0
62.24092481810417,5.036314093035293,143.14813583529082,0
60.12592400781795,1.374185025841579,235.56264006200885,0
60.97676098548832,9.69652653072047,221.5504244505445,1
52.26990216144534,3.8133302266565607,159.06029551436654,0
60.245101742589426,0.46767736767886375,127.32018073023453,0
64.9799829124545,5.335598921177708,230.32795209545532,0
74.51143607795042,0.2474255590198859,247.71949162646615,0
69.59270826085206,3.4014591480214516,163.12546875267,0
81.53182457511556,0.9580832373341943,228.96652080446276,0
52.326524371119504,4.207047536486472,179.02618152230065,0
68.72320636720679,4.0507658383112535,242.64137665652353,0
61.83342005738352,3.279025316714895,139.8430549788106,0
81.89802933217672,3.121585387128522,278.0430005272349,1
51.91701714644849,0.7267637391835735,157.48191929311594,0
51.602781578192236,0.16876265840149893,173.5571975512306,0
54.00607354555978,1.0316099294845993,111.61839041606996,0
38.76104275690193,0.3811700467333151,122.30244246425528,0
54.74244978319239,2.374566301954948,203.17238054246562,0
52.40867338446302,0.8496008524262127,153.5185353455943,0
61.50393786476208,7.427180604254166,267.09604514843886,0
63.41755975777159,2.0487102290722485,102.93867773099078,0
78.76170839215887,3.4573503508198753,175.81880973438723,0
69.5042383818605,0.2843364175331189,167.46910935381854,0
54.23096344337597,3.961213086672902,103.8655261835202,0
51.01585328651642,5.121602897232266,124.87367980010205,1
64.91919171506505,1.3352002810964987,182.72853498372706,0
46.797667929793576,1.8640930996499812,198.5729168894893,0
78.31458765854353,2.8947214686636755,180.85794945097382,0
,0.38435261690915856,206.18753568241877,0
55.30824347895295,1.396585096432789,219.0263349811363,0
42.868654709091224,1.0171996313391356,101.98476422556712,0
73.53872374165412,0.31652422209052206,192.81903189070078,0
58.85460154747382,0.916258964913463,292.69984817751765,0
72.37816311973462,0.14121472540822042,203.80645602590974,0
44.05572341205633,0.05230175993762529,235.50845349179065,0
54.00624977046227,0.2904360646571272,162.37277158337665,0
60.05243699718183,6.599906679954215,254.7982756305525,1
60.46980593764742,1.5949255331162457,254.584296375223,0
55.49934528520756,6.7523556637682125,204.25920953082777,1
66.22849932347499,1.1330215820164997,295.2027646558427,0
49.32379570617405,0.7473984566614081,125.11004295253068,0
58.576205149787064,1.4110139495545995,103.3895329779162,0
61.20295631711899,1.1578937812530967,254.0316423514192,0
65.14438834058748,0.22334900119678386,261.4311074729765,0
67.11614878088889,2.0478984087949854,124.04144582411524,0
48.75357908162131,0.4867899239966613,153.1165665917212,0
44.65885829264378,1.9330005690115275,103.51047267332578,0
72.7767682189851,2.1007936786492394,158.66172215611294,0
63.323140119795916,0.32980790310889285,254.6283747837343,0
52.51513463443446,0.12662441790106277,203.59210554251578,0
75.51151975522524,3.0351909864478603,169.61911863365762,0
61.156746342928585,1.2316332441827726,174.34785898126606,0
71.79297184063826,0.11984780020763171,100.27072514309363,0
60.67518481410109,10.54386395347333,159.96010551304718,0
80.60747924881987,0.11903416284884737,229.2917483275861,0
77.55340842443204,2.3751180270003025,294.8388887632714,0
57.51035851520926,8.230596155313906,269.41216539677987,0
69.71570950954356,0.546717233914294,104.71899292910582,0
66.45375949585147,0.3068837224671699,279.71212093496786,0
73.68631557532349,0.2588168120480187,256.63968265972517,0
50.35076539419896,0.7227294118822196,256.0752247141961,0
66.8605145999844,0.21304640710312298,191.5991518007143,0
70.58424486849587,2.3563589398563667,179.60105859090055,0
42.41260513576886,0.12863292759905418,160.58314576663852,0
48.16741487334225,1.4243425048692737,113.13897179087316,0
39.607678222398995,11.42575977359987,145.6470726987398,0
57.305931655554424,3.363697553353431,149.32072699560493,0
67.17542255795962,1.9101641532397473,196.81541394204032,0
75.02357052096028,0.7312976661739705,249.4888813193388,0
60.74094780419775,1.9557782856380472,194.7619656795893,0
76.28615545571292,1.4974951117590685,111.56888988943211,0
46.198985417851084,1.1105423226333915,291.5579601976408,0
42.96617560644845,0.28015785172069024,288.5448638188225,0
59.44452301103381,4.353742119624095,257.0379086296817,0
63.840654489393074,1.1948910595855644,298.2655803128441,0
59.67305251905907,0.43288836412282716,208.8964665600526,0
39.325578999601234,0.9169703667658705,292.55367005064124,0
59.10879960487212,1.069313869240268,115.12100812335015,0
46.95530499495147,3.5151555021810665,173.13614965227427,0
66.69672548830039,2.6456206457185565,145.07625360135316,0
63.66598246096848,2.9333166523403835,139.166616826854,0
50.60120213672645,0.022185120043067726,128.1605897785352,0
54.861330826633065,1.0762360528819508,224.48272831319935,0
49.40786478111048,1.3130294420763213,256.264371149461,0
59.37320902726828,0.0387576789328926,215.65967988407215,0
69.55142320501238,0.6017054080436526,129.39254191764195,0
50.14273953664456,2.856649363428756,262.22475398669417,0
65.04046515517844,0.29493543466777855,227.19094143274572,0
54.69742381627559,1.5327700905297164,177.6331412253991,0
52.07127167737656,0.48465751215378755,234.8260591072126,0
,0.02438966049755524,151.98099584856658,0
49.64757677580626,0.5520379237005987,169.03844169884212,0
54.46350694652818,7.448910046285756,283.49716862639804,0
,3.2343063159230945,158.10090113428407,0
79.6472513291639,6.416695100382467,193.99765363158733,0
60.35263551971729,1.338291248222336,278.02822747920294,0
53.00274492007414,2.3247490839038503,241.5442700535055,0
62.13979910734222,1.587966954003389,112.44064523294055,0
58.8767195030917,1.211655262173857,129.46060885579408,0
57.79030400466777,3.7203817747996184,101.56831815438336,0
66.14166700043425,0.20646463217324765,226.18435804583268,0
67.57507710047305,1.3398034712596925,189.53468508208368,0
54.69498852389472,0.3251523674358489,126.8549701804551,0
54.2418175935532,0.7851251900274089,291.5868242113541,0
57.24948302848356,2.6739197560495818,205.93194478912397,0
36.980788352644154,1.2925963865832355,148.37865882257785,0
44.84808937801448,0.9428517928431852,200.12071423094153,0
73.66874267444524,1.0033230803171564,235.92406654702157,0
76.44967713501283,1.2303243218338464,115.24784359471289,0
57.50963960443622,3.074388403788928,154.9407630095784,0
65.76556963055766,4.452817032647493,261.39309817679873,0
63.112501545435364,6.2171161260445995,191.93297408053223,1
90.78880808455239,3.0920192609113952,209.31542840645898,1
71.19574911434577,0.7578612512081025,186.56320044189385,0
58.72082408519233,2.330367869362041,108.77998852860102,0
50.44459559399574,1.1510949867297877,133.1499559640312,0
43.93553679742428,0.5878580804979554,189.10832774837817,0
62.03463635867223,3.676087452381157,141.83709308158558,0
52.436492547156966,0.07836823348751211,109.99580573193575,0
45.77746290402326,4.640724186080744,268.72993281036474,0
53.534271157574736,1.2378518696785592,296.2385058328232,0
49.18451996385605,2.027815262669115,258.6285747993479,0
76.87141635072564,2.1538224714325245,270.7569843409334,0
68.81639756949451,4.509833796118041,148.39542606340908,0
59.92027358683383,2.0248857840085424,292.1253951026399,0
74.79944138890026,1.903491728221744,139.38514089068568,0
60.77368307647618,0.1379544015638108,290.2859620723665,0
51.38715798671736,1.4613160839784363,298.9638587931902,0
75.23124077269657,0.325435547513243,242.34456114920974,0
65.38910043684659,2.67450383828549,296.2287463583644,0
49.62753845673544,1.4357894646508567,213.90795591342072,0
58.09661321916392,2.2802926933430165,151.90835663521807,0
51.24381746615243,0.8513223883270871,187.39917713312417,0
46.172002690356635,0.17720786933695706,218.71218707575719,0
,2.519840759965853,114.616312405403,0
79.0941664047013,0.14962885926925268,224.4686529234492,0
46.01432426180859,0.14784585373802417,296.23556735245893,0
65.62969236690572,0.024364760019591942,138.02152995674552,0
53.49357430878173,6.270052972439578,258.5190232576766,0
55.12874616235304,2.6750720860313217,281.5797587559239,0
54.07606075761131,0.8715952714673983,288.7403185640442,0
51.36009230320184,0.7034759624601976,292.02712088108944,0
60.48521627944827,0.8606529013337602,204.29192774429438,0
51.69049883588962,2.9802323994633007,295.46158159830077,0
62.704568257798385,2.1656980352570065,251.46204142688777,0
59.49761890550863,0.4096143102199993,132.33428724739238,0
57.6105195313359,0.3825857629100438,195.38002129359398,0
50.92436337958402,0.20715898238867897,243.6662350744008,0
,2.1594008200670256,149.46806316381668,0
67.55391225825755,2.8910075984474317,228.12303670977747,0
65.00917187624381,0.6158958991071806,233.32009580932385,0
50.22444755201449,0.042334836903230255,132.53994876171316,0
60.99332305429226,0.1714898149138722,213.01706249055127,0
67.5138712337179,6.875310005674686,254.32538219572155,1
43.305947188786284,0.7003771306072507,199.7791329071884,0
65.43360192379934,2.9326080866080404,102.42062335522148,0
53.37376241054153,1.959865010976076,101.80769381585844,0
65.70598668593159,0.9623383116586516,171.40586879400243,0
52.367408434574834,0.46055603791180705,285.23881368635637,0
41.95117899335481,0.2588201781142023,145.73535592072176,0
43.72457562116837,1.909091256958961,226.87273777433742,0
60.48084946661382,2.9800571166818353,144.4151741386641,0
62.59722501721482,2.065111267127418,164.33399793190972,0
50.956833748955916,1.5113312553729448,269.6084179202968,0
66.38592458777374,0.08571317461821808,245.77228845398938,0
43.3847993773104,6.914823059507108,119.07985546264213,1
59.33920201352684,3.20605889768872,185.74040419728672,0
47.889838002375434,0.6929458572752945,105.8339527290529,0
53.48163892197841,7.821081145434436,196.1780293206018,0
,1.84201160893896,232.48680234021361,0
51.39586634716048,1.7465710040897007,123.70052471963031,0
56.154444557701744,2.757233256410029,157.77698778183313,0
70.0629280921444,3.3401790676877536,179.5673251004314,0
54.23108130476851,2.137011781496099,283.9062049312099,0
68.35692112065142,0.2741513239607699,298.65100308459284,0
48.702931453423815,0.8257877846310165,108.98225979912317,0
,5.2645030128484125,252.2015846990784,1
74.41568620657901,0.5087927757418879,174.34481328046866,0
35.283554998727105,0.9309622188253593,178.49163724589602,0
52.03104744529523,1.131538453437462,250.85299466940455,0
65.7707212718054,1.157513081846666,283.68528642908177,0
57.96954613957007,1.8983489611044637,290.18571890050964,0
63.71145873371309,5.7320707675603915,ERR,0
53.960148132841795,0.5506974485483729,171.42423186010058,0
60.865897874729,0.2590818760099047,257.50981717175586,0
58.44322764607921,0.43997330378772953,150.20027665246005,0
71.67782061659807,4.359406162201104,212.81480576670356,0
62.54420843301213,2.0758481621524556,171.71569230497465,0
63.37602662075202,0.6734835557580368,231.32621474157523,0
55.881230338775325,3.385062375549441,148.07978257870138,0
55.123937759275066,3.951893478399391,138.31858914696517,0
55.67441812180379,3.748296255962151,283.64781733508744,0
63.944521423782966,5.024799086548464,120.36073658990738,1
55.79015519179737,0.5813491448292308,201.19158154698633,0
62.89774856896413,2.813336441646111,144.17055659260177,0
80.75400798645438,1.2343714157042285,107.78599266513349,1
68.71124703431693,3.6903021741469035,107.20376365828528,0
56.73976467832159,2.6075176038695136,135.04435442116545,0
72.01213922163944,2.9962175077311857,273.3540709012001,0
55.91924626978449,2.1351683813684184,156.49574879540535,0
39.61875464822146,0.39064039524789174,290.09183411505916,0
49.91913689082596,1.5750340483844092,216.3244585978387,0
41.29208078974145,8.35585319003389,187.3228379537532,0
56.48486515958692,5.541598776014865,216.01776693389093,0
60.184183791895514,0.08826689223517215,203.33967704525355,0
76.76437312275283,0.36020360230150983,251.75525075146504,0
,0.2825022803053705,156.49921319457044,0
57.80899471191136,2.589107708120774,170.6100783200605,0
68.2940558118349,3.4051395613916924,278.81886050665014,0
37.88864690992115,0.48035401670010575,289.2913026300811,0
62.356145581085656,1.409843227679058,278.5116454972949,0
67.70865193886966,3.6739701409556074,183.88959879146273,0
45.214137542201584,26.395272372943527,256.0731006013763,0
71.43754043206928,1.56280828990759,195.26714666021977,0
,1.7848930091400645,199.50797042922045,0
55.847120860991986,1.420019300136812,140.93602181145678,0
66.32781866106285,0.706357700003241,218.22606065170328,0
82.70692857804396,1.664919614936311,137.22717955066958,0
61.81866255058495,2.335187262193625,166.31293981343876,0
62.48220586300336,4.132228150214905,271.006040323987,0
55.40639100459756,2.022804309749709,141.41516184217105,0
51.50155630535208,2.8636007591710517,114.23165703468656,0
68.30335816544246,0.3488773409782476,113.80151852256326,0
51.43916174091133,1.238149037332752,288.15690410062155,0
60.715662372193925,0.018750864328912313,201.38408759236694,0
55.223425532348834,0.5665273347157338,181.88241436340365,0
64.78979825746391,25.926273712225715,262.17571620158367,0
63.33662105286948,9.609670881772278,267.16518558210316,0
70.375399442579,0.20889541942218554,166.43820662312092,0
54.89983601145253,1.0266385134428386,238.72361149475904,0
57.30125064706629,3.2195856378034966,254.2245631703773,0
50.21236284217693,0.4564017225231275,230.93013737319092,0
55.55706739923888,1.6197438246952314,130.31901496001987,0
63.77300493044852,2.641547365136271,275.1766167034114,0
67.56988616645351,1.9141496743295314,207.81891054720174,0
50.77834675822375,0.4165708012669001,156.49448527400074,0
68.6960592010566,0.8782027410459814,185.04563708753878,0
73.55637858804951,3.063026749787975,107.51421807978147,0
64.13434903223701,1.615888670392353,125.57336024448351,0
78.76795812558066,0.010486671668489952,253.10935010317218,0
52.26210800896427,2.8625061336552475,100.00232695107323,0
47.55345296688583,0.07189975462310841,183.31316569645844,0
42.212797510957216,2.738746922706088,204.50203621711768,0
74.96044311489183,0.45249813730374433,110.92688400019446,0
66.54365656354058,6.343673439119572,294.61563259446655,1
59.44415329089545,0.9175442825792067,145.2250662499344,0
62.799686263198204,0.7918166886067127,160.83974392725617,0
48.74510952701623,0.3224232166702378,160.78850245100546,0
84.45751979616827,0.7294263726977145,146.08333242346998,0
61.292211819752275,4.185471224353278,100.29476441726229,0
61.09394794604893,11.217492461418113,ERR,0
67.25766623898691,0.9187115365375602,293.36909995985707,0
64.81009231736714,1.190628121020739,144.858696657009,0
62.23884024279131,2.5607787424898194,232.6094383606845,0
,4.346551358926028,248.37926539174302,0
64.71468357135996,1.7981020573572335,269.6850758181049,0
78.82024496475034,0.9936011989118629,184.52583940272183,0
73.45420046154977,1.0641728863006745,160.58618112808585,0
75.93186626639397,2.3789445375116887,165.05902680460622,0
54.88784323568815,0.00644690670446925,242.52426661970256,0
50.10395179741419,1.9330078377851705,263.3558933011272,0
58.74213079900352,0.8785392234594991,136.32279355132053,0
60.557249122886944,3.1616749762215917,174.18820163155306,0
70.94191518470949,0.19520501797971207,280.38803934983,0
43.07535370285181,1.7744459787556734,261.33870393894784,0
75.29550319460614,1.3115983237872229,296.9716805524952,0
58.419921014210104,2.0562639929492894,250.84965193641614,0
,0.13410435702136372,178.63904020558445,0
49.87895624739832,1.7349239341762885,ERR,0
43.451433281342304,1.6487206412057611,232.20285084946406,0
68.23170583961914,1.644963786201368,115.69116326342478,0
60.73317967188404,18.500962654148235,208.89939182077302,0
47.10039100258946,2.256914115647508,241.86416569452192,0
47.04921227936384,3.2693986202319856,133.46426080021206,0
56.64215300709872,0.6289303722524986,256.1263434851114,0
76.69021525289392,3.486503377622462,216.75455610282233,0
,1.379329232519219,290.44435713951896,0
44.96857046881894,0.16037837492673826,108.48445964137834,0
57.54256935914056,0.12067005215011521,153.06522751109338,0
57.27276430252329,0.8136470167205098,220.31077585996482,0
33.03113357058429,3.0732763787940165,159.31198244118613,0
59.45705133482188,2.4598187680415684,242.88483281424845,0
57.69065469791322,3.1081479929471953,251.8010565043862,0
66.96206364813418,1.4565916664303762,120.50319281329489,0
78.48956094945345,1.1603478237958065,202.77089284135354,0
71.26565029547757,0.3190527684537657,ERR,0
57.31111309445169,0.7955676306647306,173.85615404310823,0
48.934740912583294,1.1383908344384663,286.5849725139344,0
85.7335980324986,0.18554774320512346,ERR,0
60.59218434014488,0.498492443961226,239.44187638192736,0
,1.8237275609175219,242.8653271469995,0
59.758749128899964,2.6610618138194018,192.34322876262382,0
61.98084760767855,12.810945761268286,284.1989042193152,0
58.556395880760576,5.409511208808631,238.91908545065706,1
54.26337993119763,2.057604619605745,245.79621233116328,0
54.53141058759608,10.937626198971955,272.33818075746905,0
59.672467297840015,2.022177591559709,154.8143178684382,0
54.56575228866235,3.0803052694861854,261.4141807733406,0
,0.25188892897206805,139.0481205912984,0
61.064302276918966,1.0549431023394578,169.06839044897757,0
57.450227825791444,3.662693023676061,167.12209085396853,0
75.0399298858269,0.9684743405698264,ERR,0
33.49030191606988,1.6966673924200901,271.30744474958533,0
70.91506851922462,1.772344565063478,240.23397231805194,0
72.4608519249763,0.40784947590070186,245.41135232307803,0
39.2660976759185,8.995721890978608,212.41455888051422,0
56.573124059196516,0.8144672081772699,289.4181334217038,0
56.28559134004209,0.05309191042933922,199.25175057647232,0
45.924883052821784,0.048978382541060635,176.1035419739789,0
52.22183312409125,3.563979224278279,132.6070673863182,0
48.894241545341714,0.6378524128600701,257.24113045221156,0
77.52270443423623,1.4599491874370412,246.8887864151183,0
69.35678393147461,0.7097119801597861,176.87100770482698,0
72.71555094994159,5.649592072317046,105.03868279184587,1
,0.6003104364011886,267.79946554360214,0
48.70948228782771,1.1230340328371808,102.28359669081473,0
54.75479733720226,4.122892866231186,240.7399559258102,0
64.89374561227918,3.6894797419642567,294.0514219452114,0
47.778721911080545,0.41183902538112394,187.53226562964068,0
67.12998430172388,3.2454851544975876,146.99468099919056,0
57.59674601841865,1.2256682929649099,240.97420200867634,0
56.251791924504026,1.3193043951075851,263.425628403117,0
67.10959968203491,0.2865401137958053,209.28606321556947,0
64.4426331148604,0.16807128414664674,293.40705505122924,0
56.3903383418092,2.603460202902878,110.33374433159221,0
71.59329803364248,1.3721888291937,200.95911966090563,0
49.189366724001026,1.1484210082822626,243.69078946451,0
,2.615027202630076,272.5280942298358,0
65.93101257968384,2.9007093979347705,135.851122381558,0
56.904535606860094,0.34610886152079895,260.00069635273627,0
63.26133022242118,1.884372025833694,210.54141514370906,0
47.488864236146966,0.29087039905574946,179.31073639799263,0
69.240270192069,2.783619775654699,126.34300571581872,0
58.15097863557011,2.139788201231888,273.0591517817825,0
54.772769794809605,6.275265571920649,131.45464163594306,0
70.49009225836889,0.14290181501706456,161.95757184181986,0
52.95656309457241,0.11749405364967493,158.00910639248738,0
45.91538703636441,0.6630925871897281,274.28280683817087,0
44.433708264760966,0.6068254627127664,234.5405988417796,0
66.0600995134564,0.5673237925914545,259.33627943827446,0
47.19570647503717,4.734344948432619,150.0935797584998,0
77.54794181984364,5.7415437712721324,224.97481992139979,0
39.18070592116278,0.6347703513083895,214.34919662874972,0
76.96456368290038,2.849224507194322,266.5660753576542,0
62.11017467202618,1.194728197730114,281.21741209625213,0
59.032868881296075,2.9985727965169193,102.43135429547736,0
54.550809131910505,0.13520087752385032,234.80398381175854,0
63.991361143520706,1.3371869842074735,110.3671598239458,0
59.62365297575152,0.6838304987589966,209.77173301547117,0
,0.12940390302126384,157.52654580873565,0
61.142276486620396,4.738250236290968,161.35531990442826,0
61.50301761461878,0.29989159809289007,170.59170069047133,0
56.36387787786144,1.5203725621244197,224.25848980992203,0
59.43054376278933,1.0589828438371227,166.80999313375384,0
63.07801768892059,0.8534081111890731,246.53981011805607,0
42.89831607343375,4.601839874017654,180.90547711477393,0
46.518145778942866,0.04413009871000306,113.67064006199172,0
67.43264094022715,2.180036761665379,256.75196849682146,0
61.708654381279416,66.15109958936733,157.1516649185412,0
58.16016663647321,1.642725720561704,186.55337591985253,0
60.184339330653934,5.523612905838238,237.08877664438032,1
63.47581705361671,0.1073456765916481,166.4912314297424,0
54.60240319690639,1.0852977045945922,111.31713122934312,0
52.216952745976876,0.6026366931013775,174.78420940256274,0
61.958452550976816,2.6247571261462808,288.8897165388607,0
50.21627222384968,7.958152357683365,228.34687945971163,0
64.08252755714472,0.5928538951673028,234.2958297334414,0
42.9741639576216,2.1236425196600632,226.45643072752796,0
70.29155637325644,0.4415368302685593,139.79842779188735,0
64.72597482413043,1.6663374842959167,183.66677282045603,0
62.56029734313876,1.2469903363446437,250.18795967266365,0
69.82690983945514,7.151482261816231,120.27457951063184,1
76.65474444462576,1.8756788560754667,155.57055521794246,0
,0.8600475535058212,155.2638216931707,0
41.59125768668355,0.24229288715124034,186.4037855189012,0
47.204230332642986,0.32797372744287256,296.073748188437,0
53.75181422304321,0.5106025502817646,113.5005093367644,0
60.26091050210834,0.5779435711227396,203.740198876119,0
65.17659020469122,3.802470988526221,135.8729364024421,0
52.742561868465344,1.647526970233589,294.13530908194883,0
61.86766764477078,1.482117289570887,122.66070094549283,0
52.44617067646678,0.2438130126825958,180.72020047231825,0
53.884821970080516,3.9342223283101747,247.57699696692123,0
45.93338903151778,2.5661352237477213,240.91088560548906,0
50.76766753889096,0.14013338543903262,184.54572737878647,0
46.48315394383666,2.4608738012049085,169.30483359054364,0
50.241267470226674,1.5685006012347678,179.5224757105741,0
70.5364179660784,0.17051749093933655,152.85525263172786,0
50.50601111168057,1.2260882412134049,141.06658774135997,0
86.32382064837391,1.32599763682987,196.607939511778,1
64.93317900880889,0.3625031552436329,153.70675121352147,0
61.84836123694874,5.826393854798992,157.49233297945003,1
51.41642219818787,3.79391161646937,231.35121269491142,0
67.00309879408991,2.211408780520436,293.70746633997845,0
54.24362173762226,1.2408924793377714,220.727440111875,0
61.220098146453616,1.0612593435136881,115.39589341299326,0
85.60084538268795,2.105214668628117,115.1167227708134,1
59.0394010027535,1.5768149486075849,290.2846441691132,0
71.49273326285676,0.1285930600542531,159.45815806146672,0
52.96823574874112,1.4369408438680709,118.41339721649508,0
59.65011509503038,3.283959576736265,219.8089174300763,0
77.7080063563551,1.2295589902644601,224.72975565805322,0
53.730329422122324,0.10670994701689866,229.70096402373764,0
78.12448557996929,3.086160213622474,153.48040557150824,0
67.07751935455475,0.44969946737174804,103.02213684289501,0
54.37533224105732,0.5984861814967405,293.00307389089437,0
66.3240773905552,0.3599438868348033,150.1786091382205,0
69.7255444962673,0.8015972209434284,235.2052576105095,0
66.21809962217196,2.8273434956330323,241.3259739757419,0
44.297752801095434,1.4653810670480858,222.00148341589716,0
52.728628241751316,0.45852766957417684,162.58147884272964,0
57.52481364448495,4.204684802530975,154.21925075281314,0
59.25566570899954,4.233570102159669,219.53365654054062,0
66.20672097550678,4.089360360204873,273.2191267223383,0
61.777010009332535,0.5457083328138416,289.3467457846791,0
46.64655641289899,1.200185792864586,121.18116088075152,0
63.801978510059634,8.398031449859902,130.96572251954396,1
66.10585745283824,2.956928744365557,288.94725175661597,0
65.5979044793104,0.05508655727376305,247.30704566695852,0
70.80780725554622,0.13485517563822103,276.5987649659546,0
68.33922154548904,1.2469861955421258,140.52652682706864,0
64.59180079228437,4.798637099307362,217.51717422188037,0
59.29834288541353,1.547421172007841,240.22791888349474,0
43.39039066484008,1.3775634780977841,236.02237708939452,0
64.29618219132585,0.22292194903320883,181.63033817333962,0
62.076876871631114,2.138767886261925,103.07897833826169,0
62.715788371953735,3.453102901260399,216.5852113608526,0
47.232514241796906,0.9574269239343685,150.62030783592175,0
,2.9887558366767433,190.05084922857807,0
70.53152853332904,6.675130324104196,291.5162030167635,0
59.60444846143345,0.4557254862268262,179.80706352848694,0
66.81500697372624,1.4818601554042714,267.9603213328853,0
60.28318376130461,0.6769347337781078,137.70812114985023,0
60.297561394957455,3.148666886434948,234.49209960500576,0
69.38283805975998,1.7235736818792897,295.4013908877887,0
54.83955271782626,2.013429035666552,120.37862017458735,0
,3.1981254389021325,101.6639884454384,0
55.377247112949576,1.0082643918435608,186.71655852652287,0
55.65503772567684,4.932328425225931,118.52509661027344,0
56.908278765313604,1.5229756749107624,249.67686993524626,0
62.22133771633713,0.34384322317863675,282.9097327697118,0
55.212513783365225,2.380791568992776,186.80419454175177,0
72.55756125573521,3.1525996918479096,151.7423284310882,0
51.05392697780496,0.7618230895914206,186.88066380132196,0
58.13128355838641,3.8923299610267246,ERR,0
55.60268941725825,4.731971292062333,101.8108323160742,0
74.46977884353733,0.6484279191409288,217.89079789693943,0
61.965547765115744,8.211394244563477,222.6583369774758,1
70.31844539468635,0.30330118076101104,227.5376493791871,0
45.14439626963028,0.4513326326293516,148.40441599617543,0
62.67050265869259,0.40723300053514344,242.81054467562535,0
,4.488438228368265,118.27829726635528,0
60.82283989275424,2.1243247770694067,139.85406729336017,0
70.65480375065351,0.32999525250060757,275.49400933089635,0
54.82711549899628,1.1607923897797439,247.74463014531327,0
74.0934744018558,1.9105726710959237,102.74911080226904,0
,0.1743080506673147,149.67525207396005,0
56.37161439560341,4.281210880684546,142.8812965986329,0
55.54497478599228,3.255239768907216,154.1612656073945,0
74.533844771177,1.4072306561636723,149.5119540559773,0
75.79572145730712,6.830183846100176,112.50525914856915,1
54.771399728467316,1.0817484540587896,191.78810331936407,0
,8.284170752902348,246.54669495723303,1
57.18215391139493,2.204758743269378,221.34634494348728,0
46.555494889657226,2.013915418987042,234.57433371961596,0
50.81348053515802,0.36293559141326953,116.22983570724783,0
49.95859233247932,4.272917248176111,290.29814203535744,0
52.32202434895871,1.1154490627004505,267.69836676860496,0
59.65315112613219,0.3540314889653688,261.01806369913254,0
,0.025375338245871248,264.5967610083535,0
75.50500492814076,1.6408508834277513,286.54210162655227,0
50.016459592612094,1.4990102293170062,208.85079322273953,0
69.84322398476584,2.541319689494188,140.0564035735252,0
57.86011155774491,4.419247211470856,223.35672157050823,0
,0.16547360036109898,248.5762987335878,0
66.74819492166604,2.629782587521185,247.58347867080508,0
48.772779784377015,0.4150619883105383,204.28980483337602,0
63.82409746184051,3.9063517051371166,113.69174386671561,0
61.66452208213056,3.419218429222009,174.22258768602558,0
64.92451264008149,1.556511668598201,284.15332169267145,0
62.89168643907818,2.477423886624125,216.8897819514852,0
84.55300139910895,0.7547763012227929,207.66638865114268,1
53.62260015748684,1.2741685735789232,153.7707028764387,0
54.690030449981826,3.4478678119179254,173.68978398331578,0
53.76859473575236,1.229652636848165,279.0692178306339,0
54.44522880839745,0.8857055923731125,233.29260950536715,0
53.62612872693482,1.3632771081697286,257.4774053504666,0
71.89016531107552,3.523421990534848,190.86908461353102,0
74.20504247989855,8.165622809286674,226.0494438912316,0
54.29253706250524,0.3817438378825912,149.6767217486415,0
51.67644426895771,2.489686963470567,241.09216605669727,0
64.71415556386404,3.497149546569796,185.52026674066747,0
54.477769557190285,0.21213815219617682,188.5091029629491,0
66.32931817755511,0.5485424366162706,229.86446491537635,0
62.029230208513,0.3062370681216703,287.2561242937853,0
44.84255885002768,0.8552417231121123,112.80126932172419,0
75.47505201330061,1.1969506958404244,264.9486474694015,0
77.95877673095522,2.7632213889676454,158.4766220824386,0
,2.106212651071003,188.78389090127558,0
56.122984400640156,1.940061230697862,104.3826657550018,0
62.85865390724905,0.868886742813942,160.2092155668626,0
63.34456789987025,3.6833396900686166,200.5262485260261,0
66.5854427267283,1.2746196880878522,111.2352154694878,0
80.1020453876635,7.736484833189782,198.21914587663304,1
58.2305277250595,2.0110207540195453,285.4221257716855,0
,0.2699557143620505,121.07864362156104,0
46.20680771985473,2.2551198890215107,252.88814561510088,0
52.69069960058081,0.7863933938392205,181.93421067519853,0
59.66873027126203,2.318809728049773,231.0347429048676,0
77.94557863517788,0.14436981013908864,152.04731959704588,0
54.823887009638284,0.384456380918243,131.89845250827165,0
62.237879516388986,3.8722381020362606,132.0925228542453,0
59.83577103927248,0.5154170866135698,114.09838912862892,0
71.88393273448084,3.6285148242256637,137.1293409802486,0
85.26932425873622,0.6549982787574946,232.84387699779364,1
54.69131227079679,20.5937753550047,276.33812236870165,0
55.10560557481778,2.3693247368592774,262.82513711823236,0
70.44160877069072,1.437564962577099,237.02686197489683,0
66.81891489626311,0.7285811003779642,ERR,0
78.46707325736034,0.4781505203293716,157.83748925918997,0
65.83928185325964,0.06750523842112144,161.96137506449378,0
56.40707909212941,0.7246572238024186,149.99138927952424,0
65.9065483069231,2.11779949218444,203.0011319419446,0
71.08703580582907,55.71098891818748,207.1107629759345,1
68.20482181197364,4.099058532192799,171.37719503422204,0
65.07274031107298,2.905422049494756,170.75783174728718,0
70.66674689589154,3.1065626868274028,265.7111195812163,0
71.69295590445672,2.1871593678433463,257.85856966393715,0
73.82158991037527,0.6029856265945404,161.55916633614913,0
66.48709887589642,4.754510184390181,282.75768877465185,0
58.328819196831454,2.2217684348401376,290.5630034005012,0
61.46713686433323,1.6439649757727608,165.34850840600816,0
72.06508966508358,0.2352923957685293,170.88498975861097,0
51.83064329012764,1.1849954467678743,201.12683068439176,0
63.686733088729014,1.233699649605991,288.22416250673473,0
56.06661187672639,3.9985063837139285,275.2638866284623,0
60.28744822934817,1.5821737979715287,120.51359251671796,0
72.78451862607298,0.957364112895157,178.54614865428323,0
61.910990680199035,7.527234320704678,210.67423794995437,1
60.46436548156149,0.234687599253517,200.62649451030802,0
46.40143859020081,1.09826139730267,138.77261358737854,0
67.46253566027221,0.08586651661376282,271.76335423363093,0
66.45484181141076,2.6934098993262916,235.38815659936748,0
81.6325472330546,5.0039400623277555,267.5816749703607,1
56.92221765046999,0.6571118298280387,271.75285586989446,0
62.19150327663939,3.908674591025659,249.67117073314796,0
62.49383683710755,0.6912389358365987,187.84212024994346,0
75.77453279763475,4.833079569227942,222.1093510030849,0
59.047044676130476,2.804537783224339,132.07308122394863,0
,3.268555534352877,234.72908349498155,0
66.0789650971654,0.036341292828328924,135.85065114785615,0
61.86609123156358,6.583449944872794,238.78991810203135,0
55.535663854494715,2.594158104329366,145.91963215079375,0
61.94089992898308,0.726970722795446,123.510260030044,0
70.73631749859771,3.5368047432098155,133.0568980285915,0
49.7348470058894,0.6612381552146382,100.39842704381405,0
61.32969674146876,4.123263594828833,243.74792357070604,0
52.99879185060827,0.23887468496218844,246.48020981167582,0
71.95046628924842,2.4326710000883733,202.9866699826519,0
44.76813095216225,1.5560967419345106,132.27256021107672,0
54.410781527284115,0.20303464305301905,116.71086750213794,0
63.772118750645205,0.5538636697766027,103.8257932874574,0
75.65524029234341,0.02496321695005604,133.14963539304415,0
59.34249738927012,1.265112753320564,278.1711069966293,0
54.44800473306802,0.7169681896743889,148.30736834033635,0
78.8115706944059,1.824385700831144,170.85426544344313,0
45.51986099583756,0.7054734398904734,121.06909689626664,0
38.01194043379918,0.7131187912493482,144.47226094963406,0
64.40014450053333,2.7188624456540524,203.84491415604103,0
,0.09868058647991072,221.55053661913053,0
49.787671828692865,4.663924724382357,149.0704628332422,0
67.08356447299353,3.8246550632281524,111.54643184502345,0
62.43800713771199,2.204064359026824,178.20657382547972,0
54.359213692632714,1.7989732801526803,146.84067418526683,0
47.19695601329106,4.456857780886112,143.9107846459604,0
68.72457328280144,0.40994475216797754,291.97256054269104,0
66.50201177958661,0.16452352064820483,223.26009718514482,0
59.00824136220617,0.5475850800686378,211.3756886344192,0
78.46636996047665,3.165380471725468,183.15502070466437,0
49.29915233673847,0.07057108699065301,185.78886668602885,0
44.74474829075261,1.7484118784391343,208.18100076761618,0
53.080919301187556,10.779776217720167,239.28596140722144,0
59.54413983644502,3.871667487671538,240.4292192363659,0
62.43339449322692,1.4739711440176355,134.33878154108993,0
57.5876394214367,0.13151246430506303,200.02255041532538,0
63.520553965142966,3.5601383086534786,182.3916190068204,0
47.48460575809556,1.827480515087411,274.10539325387685,0
74.4376460407326,0.24418385460563458,226.28378424367529,0
59.178488216074314,0.197116926148923,206.50081328319635,0
71.17295831588127,4.807615461568678,123.07892843578347,0
63.42725346377704,2.2124842213761022,221.12757786468228,0
64.56753219153784,3.5355406390448096,123.44078113604668,0
65.69767280232205,4.223580741509883,167.4413151131504,0
64.47708560017315,1.6962006741298403,128.56839296286637,0
66.42722759867544,1.4573263526231575,238.41472940487378,0
73.29152530132431,1.1257380841891487,141.25042276723053,0
61.9652116970147,0.7623644402267663,178.3718746376052,0
67.09003757588512,1.1404293797662677,279.1349555237557,0
59.102643057127736,2.973375849333452,140.86327667979407,0
74.40117215449473,1.8422218156342205,201.56101279175584,0
53.2360769794073,4.460962211258672,183.8543322332044,0
78.00940432910815,1.171745047843888,ERR,0
59.59842049355657,1.8683472575305777,258.55162271456254,0
45.69224897881952,1.995584919381853,113.80918126291995,0
61.28104414910789,1.7914922613190258,194.85100419539071,0
53.18948342525119,2.4255816251059557,212.13565898778998,0
68.40643548988724,0.5421310394332255,225.6852913229174,0
53.47376020697609,1.4363711938048278,237.7263258615751,0
55.538165667852205,0.22013158695666166,150.65447670454301,0
41.10459269054469,0.9706774749981193,101.99575533168988,0
55.47693680750923,1.3375612173375064,244.6887324709824,0
35.76120673371044,2.1123948618385766,207.13131986951572,0
44.16097176514277,6.012820262463886,267.22354064144974,1
67.60414656144297,1.8358394486662004,264.27767258013887,0
67.85800158650832,2.721985652713184,268.66523355757664,0
64.25457561784965,1.4115169777113545,197.01893199590802,0
50.33023856870787,2.010812449434803,166.72567916737313,0
59.5228864385802,0.14714715699226008,258.311640518274,0
59.963974609094315,0.5871094477702782,190.25882260585098,0
48.416353108074574,0.898373521418981,136.6884392806869,0
75.0339830176715,1.2791876331344174,270.99480391229486,0
,0.09344696800468241,276.5119753544694,0
57.79035826170336,0.3017018210759944,193.26195122803404,0
60.26885838994531,0.6481785082066823,115.1399454619575,0
62.08382807947552,7.117997798463182,177.56521798338625,1
39.58265131575709,0.804980097288224,260.7075318925207,0
57.52822617479403,1.315718605257502,280.35480570924574,0
53.180157520022014,0.43655510089128596,140.69454849951916,0
49.983799901050844,1.887221450279832,113.39472240505431,0
57.18899707114045,0.6589068558228242,275.47009062656775,0
77.97686526849523,0.46384539709850037,177.88098779577507,0
66.4084286126701,1.4537083786488412,208.35219285351263,0
54.28821010217203,0.011042023874619545,293.61316241015174,0
65.72582781356158,0.015387104540800603,113.31294558284458,0
